{"total_times": 100000, "change_times": 50125, "unchange_times": 49875, "change_wins": 33232, "unchange_wins": 16607, "change_pro": 0.6629825436408977, "unchange_pro": 0.33297243107769425}